age,annual_income,loan_amount,term_months,interest_rate,credit_score,employment_length,dti,default
25,61498.0,19507.0,60,7.27,607.0,30,0.27,0
58,41373.0,15917.0,36,18.13,637.0,38,0.5,0
53,48712.0,17640.0,12,9.87,608.0,34,0.44,0
42,39148.0,21221.0,48,14.11,571.0,11,0.64,1
42,37444.0,8524.0,12,9.79,695.0,33,0.31,1
63,28308.0,22024.0,24,9.88,696.0,16,0.82,1
25,46455.0,4016.0,24,7.66,799.0,0,0.08,0
55,27227.0,17627.0,12,10.48,633.0,31,0.69,0
30,49984.0,16430.0,60,11.27,701.0,34,0.33,0
25,56279.0,10070.0,36,6.86,702.0,14,0.25,0
46,45498.0,14819.0,24,9.5,662.0,18,0.42,0
68,35706.0,10020.0,36,7.56,732.0,14,0.4,1
57,46809.0,6426.0,12,19.2,734.0,4,0.21,1
58,35370.0,12171.0,36,9.64,703.0,40,0.44,0
56,54033.0,6168.0,36,16.18,662.0,0,0.15,0
59,12529.0,17582.0,24,9.22,655.0,22,1.0,0
46,34966.0,5799.0,60,11.04,584.0,0,0.24,1
27,10138.0,20696.0,24,4.71,624.0,28,1.0,0
62,17574.0,5548.0,12,8.21,636.0,36,0.38,0
43,60458.0,10470.0,36,10.84,601.0,26,0.17,0
45,53428.0,10003.0,60,16.34,711.0,24,0.19,0
39,29208.0,25601.0,24,10.89,764.0,33,0.96,0
29,17462.0,17642.0,12,15.53,616.0,39,1.0,1
66,10000.0,13306.0,60,12.56,700.0,35,1.0,1
59,31848.0,18990.0,36,16.51,608.0,9,0.68,0
52,76306.0,1000.0,12,9.76,659.0,23,0.04,0
40,46523.0,14655.0,48,19.56,632.0,33,0.37,0
61,31606.0,30980.0,24,8.06,722.0,12,1.0,1
47,46976.0,16059.0,60,6.93,632.0,27,0.43,0
42,16586.0,15543.0,24,5.16,751.0,0,1.0,1
43,35540.0,19385.0,36,19.32,663.0,35,0.69,0
32,41492.0,22165.0,36,13.28,635.0,25,0.55,1
25,38708.0,1000.0,24,8.66,592.0,30,0.03,0
48,51862.0,1541.0,36,15.0,698.0,33,0.04,0
64,45170.0,16682.0,12,12.75,743.0,8,0.41,1
24,50025.0,9281.0,48,17.86,699.0,18,0.12,0
63,29674.0,25496.0,48,3.81,837.0,35,0.9,0
61,53467.0,12479.0,60,8.94,780.0,6,0.26,0
34,64434.0,1000.0,24,8.15,658.0,33,0.1,0
51,25448.0,4856.0,24,2.11,658.0,11,0.26,0
29,26685.0,1000.0,36,14.24,713.0,23,0.06,0
58,60037.0,13127.0,48,8.92,621.0,20,0.3,0
55,37130.0,13493.0,60,12.96,762.0,28,0.45,1
38,61057.0,11604.0,12,19.44,705.0,34,0.2,0
24,33362.0,23631.0,24,8.59,698.0,14,0.73,1
68,61826.0,24588.0,24,8.32,728.0,7,0.34,0
42,41972.0,13637.0,24,10.47,801.0,17,0.32,0
64,43873.0,1000.0,36,13.95,692.0,25,0.04,0
54,63471.0,19938.0,60,7.73,672.0,30,0.37,1
59,34573.0,19443.0,12,7.48,786.0,30,0.57,0
58,25883.0,17475.0,60,14.23,748.0,13,0.7,1
30,33272.0,22852.0,48,11.51,658.0,38,0.68,1
38,46785.0,5681.0,48,1.82,680.0,3,0.18,0
43,16514.0,31070.0,48,5.1,694.0,4,1.0,1
45,49562.0,7325.0,12,16.0,705.0,1,0.22,0
23,31918.0,20994.0,48,11.61,585.0,37,0.71,0
47,57217.0,1501.0,24,6.95,572.0,7,0.0,0
28,10000.0,7558.0,36,9.32,618.0,24,0.77,0
57,28202.0,27131.0,48,10.05,612.0,33,0.99,1
54,14703.0,12913.0,48,12.94,635.0,31,0.91,0
66,27607.0,21719.0,24,4.57,724.0,38,0.84,0
57,43715.0,16896.0,24,6.64,668.0,2,0.51,0
38,37312.0,14160.0,36,11.09,694.0,16,0.47,0
68,36199.0,25911.0,12,9.6,594.0,20,0.72,1
41,37612.0,13107.0,48,12.29,648.0,28,0.43,1
36,43051.0,1000.0,12,5.08,721.0,25,0.11,0
65,24872.0,8574.0,36,11.43,722.0,22,0.35,0
39,50603.0,19410.0,48,14.37,629.0,12,0.48,0
24,49940.0,18164.0,12,11.95,691.0,4,0.41,0
44,45776.0,2464.0,60,10.56,834.0,17,0.03,0
59,48348.0,9205.0,24,9.62,679.0,10,0.26,0
30,44446.0,10346.0,12,6.66,631.0,22,0.29,0
43,70526.0,12076.0,48,9.71,668.0,32,0.21,0
27,38694.0,3993.0,36,15.04,686.0,22,0.15,1
54,35394.0,9973.0,48,9.52,669.0,23,0.3,0
44,28697.0,9171.0,48,6.44,678.0,1,0.4,0
37,24516.0,21172.0,36,8.03,579.0,26,0.91,0
32,21333.0,21473.0,60,10.8,613.0,18,1.0,1
48,26668.0,13834.0,24,8.51,670.0,5,0.59,0
53,38940.0,11864.0,36,11.94,668.0,8,0.3,0
67,45014.0,16119.0,12,12.09,640.0,32,0.36,1
42,40767.0,8467.0,48,13.56,668.0,37,0.15,0
28,28517.0,5825.0,24,15.69,684.0,20,0.28,0
61,53503.0,7478.0,48,13.98,742.0,40,0.13,0
51,51091.0,9921.0,60,6.26,673.0,7,0.25,0
55,37605.0,5692.0,60,6.39,708.0,12,0.22,0
25,30206.0,16296.0,60,9.7,642.0,38,0.62,0
36,48226.0,20838.0,12,8.2,720.0,7,0.42,1
58,42820.0,2303.0,12,5.45,706.0,27,0.1,0
61,18278.0,15201.0,60,8.23,741.0,8,0.97,1
42,38980.0,13241.0,24,8.1,730.0,13,0.48,0
60,43931.0,17732.0,12,7.31,721.0,19,0.5,1
62,26505.0,14896.0,24,8.74,673.0,14,0.63,0
39,42848.0,3371.0,60,14.71,697.0,35,0.08,0
65,18178.0,4901.0,24,10.8,754.0,39,0.36,0
35,60043.0,15235.0,12,19.89,634.0,20,0.3,0
32,58719.0,23230.0,48,10.68,636.0,21,0.47,1
54,36212.0,1000.0,12,8.84,693.0,2,0.05,0
52,45452.0,17766.0,24,10.02,709.0,9,0.43,0
27,10000.0,24517.0,12,11.03,622.0,1,1.0,1
61,22655.0,13776.0,48,11.74,675.0,35,0.67,0
30,35593.0,19402.0,36,18.31,673.0,9,0.62,0
60,23918.0,9375.0,60,6.62,525.0,13,0.41,0
21,50716.0,14045.0,24,13.44,665.0,34,0.26,0
60,69959.0,2033.0,24,10.83,669.0,29,0.16,0
59,22351.0,1000.0,12,3.72,669.0,25,0.22,0
59,27438.0,22542.0,24,13.08,779.0,1,0.89,1
53,43532.0,7120.0,36,15.07,595.0,23,0.15,0
44,64167.0,11356.0,12,6.57,622.0,22,0.19,0
55,21664.0,3908.0,36,9.96,497.0,13,0.26,1
34,43736.0,3720.0,60,3.1,646.0,30,0.2,0
59,67319.0,13609.0,48,4.96,652.0,38,0.19,0
48,15224.0,9163.0,48,14.19,644.0,10,0.65,1
43,20784.0,18024.0,60,8.13,758.0,13,0.93,0
45,33646.0,18620.0,48,5.56,740.0,13,0.65,1
48,32191.0,17567.0,48,10.92,685.0,34,0.58,1
22,52189.0,16909.0,60,7.91,654.0,3,0.3,0
27,43625.0,27622.0,12,8.12,752.0,36,0.71,0
33,13376.0,6459.0,60,12.96,679.0,31,0.59,0
26,47731.0,14561.0,24,5.35,623.0,19,0.35,0
42,31337.0,24062.0,48,6.38,560.0,23,0.84,1
53,59117.0,25116.0,60,10.62,649.0,36,0.45,0
53,30586.0,3626.0,36,13.88,733.0,31,0.13,0
44,30451.0,12501.0,12,14.95,839.0,11,0.51,1
62,48117.0,25865.0,24,7.34,684.0,2,0.61,0
48,51444.0,19065.0,36,13.75,626.0,26,0.45,0
24,46721.0,16562.0,60,6.86,597.0,5,0.48,0
58,14716.0,13259.0,60,17.3,719.0,3,0.9,1
49,48071.0,11930.0,36,5.46,556.0,40,0.27,1
52,24485.0,17306.0,60,15.31,719.0,19,0.76,1
48,43529.0,12981.0,36,7.37,737.0,26,0.32,1
48,18644.0,14659.0,36,18.05,711.0,8,0.88,0
25,46695.0,15629.0,60,12.37,665.0,4,0.38,0
48,27901.0,9575.0,48,5.94,720.0,2,0.34,0
59,20760.0,19257.0,36,7.91,692.0,14,0.98,1
35,50707.0,38314.0,36,13.12,626.0,0,0.81,1
50,43625.0,1000.0,48,14.21,810.0,17,0.12,0
22,30790.0,17592.0,48,9.72,655.0,13,0.64,0
38,61768.0,8918.0,36,10.18,734.0,21,0.22,0
42,33390.0,19619.0,12,13.03,511.0,24,0.65,1
69,40482.0,15372.0,12,10.53,769.0,12,0.42,0
31,44034.0,21095.0,12,4.83,783.0,18,0.49,0
34,30705.0,24404.0,36,6.75,682.0,3,0.86,1
41,47067.0,16539.0,48,10.94,719.0,12,0.38,0
69,31998.0,24056.0,60,14.86,719.0,40,0.89,1
62,33825.0,1000.0,24,16.46,635.0,40,0.15,0
22,60440.0,27724.0,48,13.12,718.0,19,0.54,0
32,24391.0,18000.0,48,11.15,623.0,38,0.81,1
61,10000.0,23623.0,12,13.0,637.0,20,1.0,1
23,64164.0,5241.0,24,7.33,759.0,5,0.07,0
62,78240.0,8354.0,24,9.39,748.0,35,0.15,0
34,33921.0,16168.0,60,6.7,631.0,17,0.53,0
65,10947.0,14864.0,60,5.01,629.0,25,1.0,0
35,35343.0,17265.0,60,11.33,635.0,26,0.56,0
42,35707.0,23676.0,36,10.74,731.0,12,0.76,0
53,37151.0,1000.0,36,12.75,610.0,30,0.04,0
27,23299.0,22791.0,24,12.18,705.0,20,0.99,1
48,48693.0,15066.0,48,10.97,732.0,15,0.43,0
45,47868.0,13370.0,12,12.23,674.0,12,0.37,1
59,17584.0,3231.0,24,9.83,751.0,30,0.21,0
69,50488.0,19024.0,12,11.65,659.0,10,0.42,0
53,70790.0,1000.0,36,7.1,665.0,5,0.06,0
41,42579.0,20187.0,24,11.48,612.0,36,0.53,1
40,34940.0,3063.0,12,12.67,751.0,13,0.16,0
41,37870.0,15428.0,24,7.32,626.0,26,0.58,0
60,49229.0,14047.0,60,10.21,704.0,29,0.34,0
36,14040.0,24356.0,36,7.51,675.0,34,1.0,0
29,42466.0,13571.0,60,7.89,606.0,25,0.29,1
37,34143.0,9447.0,60,5.5,637.0,29,0.3,0
22,67717.0,10947.0,60,15.06,777.0,34,0.27,0
26,37387.0,25183.0,24,14.26,694.0,38,0.74,0
25,65018.0,19290.0,60,12.15,609.0,1,0.13,0
58,23444.0,11915.0,60,17.89,701.0,30,0.59,0
56,48809.0,13108.0,60,9.24,670.0,7,0.41,0
55,44791.0,2463.0,24,22.13,850.0,36,0.01,0
43,26964.0,18108.0,24,9.09,700.0,1,0.8,0
56,42661.0,1000.0,36,11.02,653.0,10,0.0,0
28,58188.0,21014.0,60,8.41,779.0,7,0.46,0
65,35143.0,16029.0,60,11.49,551.0,24,0.51,0
45,14621.0,34096.0,36,13.34,687.0,0,1.0,1
66,39737.0,6199.0,12,9.54,820.0,0,0.23,0
28,26464.0,14179.0,36,17.11,672.0,20,0.64,1
45,34865.0,29386.0,48,10.96,559.0,39,0.91,0
55,38776.0,24531.0,36,11.08,652.0,21,0.71,1
45,14415.0,9430.0,24,6.36,782.0,18,0.68,0
42,15765.0,16792.0,24,11.67,706.0,26,1.0,1
29,47231.0,15016.0,12,9.46,621.0,22,0.4,0
39,32159.0,17256.0,24,7.57,632.0,15,0.67,1
32,10000.0,9411.0,48,6.89,641.0,24,1.0,0
35,51773.0,14285.0,24,20.69,705.0,0,0.23,0
54,44086.0,2216.0,60,8.95,774.0,10,0.02,0
51,29292.0,16081.0,12,4.17,754.0,27,0.56,0
50,20248.0,18600.0,36,7.21,712.0,14,0.89,0
38,52537.0,13181.0,36,9.79,587.0,2,0.3,0
68,45240.0,2080.0,60,12.19,587.0,5,0.12,0
25,75739.0,22908.0,60,12.22,717.0,35,0.28,0
37,46303.0,17916.0,36,12.71,586.0,13,0.48,0
26,45816.0,9192.0,48,7.42,664.0,0,0.28,0
37,37496.0,12755.0,48,11.36,701.0,29,0.36,0
68,52252.0,2995.0,36,6.5,600.0,21,0.1,0
38,49376.0,6797.0,12,7.52,608.0,18,0.09,0
65,58776.0,10698.0,36,6.33,673.0,36,0.22,0
45,32180.0,24827.0,24,5.25,715.0,12,0.82,1
55,33469.0,9884.0,36,14.26,754.0,23,0.35,0
43,32813.0,20122.0,48,12.75,722.0,30,0.68,1
34,51862.0,10693.0,24,13.91,685.0,24,0.27,1
58,62476.0,16984.0,24,10.16,628.0,8,0.31,0
68,33117.0,13869.0,60,13.11,605.0,27,0.48,0
33,33628.0,21984.0,24,2.95,644.0,30,0.75,0
59,44711.0,10722.0,12,13.45,709.0,5,0.29,0
33,36314.0,2420.0,48,10.71,704.0,6,0.13,0
56,54281.0,3944.0,48,12.51,533.0,27,0.11,0
59,10000.0,10745.0,60,11.52,625.0,4,1.0,1
43,27599.0,5008.0,48,6.05,764.0,36,0.26,0
57,28264.0,18282.0,60,4.01,686.0,4,0.67,1
34,10000.0,11274.0,36,7.15,581.0,39,1.0,1
24,25545.0,33997.0,24,12.26,845.0,27,1.0,0
25,26273.0,1098.0,60,12.76,678.0,18,0.08,0
42,36983.0,16629.0,24,4.53,707.0,11,0.48,0
65,56694.0,5976.0,24,6.08,708.0,14,0.13,0
27,36324.0,11053.0,60,7.11,654.0,30,0.27,0
43,24538.0,16131.0,60,8.57,629.0,30,0.73,0
55,39146.0,1000.0,24,4.55,829.0,8,0.09,0
30,55738.0,16895.0,48,4.31,750.0,22,0.4,0
56,25361.0,30223.0,60,6.71,738.0,40,1.0,1
35,26341.0,11372.0,48,10.35,720.0,10,0.58,0
60,48378.0,17078.0,12,5.28,610.0,28,0.38,0
49,36677.0,23199.0,48,9.54,769.0,7,0.64,0
47,49712.0,13688.0,12,14.23,621.0,34,0.28,1
29,39795.0,10352.0,60,4.79,700.0,6,0.22,0
43,50525.0,1000.0,12,9.17,565.0,12,0.15,0
62,24474.0,20128.0,60,14.1,537.0,18,0.94,1
21,39819.0,14095.0,12,8.33,702.0,15,0.43,0
58,36840.0,6899.0,36,7.71,623.0,6,0.19,1
45,21762.0,16013.0,24,14.65,541.0,26,0.88,1
56,16548.0,10331.0,60,8.78,718.0,0,0.66,0
53,50286.0,10773.0,24,14.42,828.0,40,0.25,0
42,34736.0,19850.0,48,11.72,777.0,2,0.69,0
36,24666.0,4293.0,12,8.63,662.0,13,0.26,0
51,38557.0,23379.0,36,11.92,681.0,38,0.77,1
27,56920.0,3819.0,60,11.28,742.0,6,0.13,0
49,10000.0,9698.0,60,14.08,759.0,2,1.0,0
25,17550.0,30384.0,24,7.81,656.0,30,1.0,1
52,26157.0,24019.0,24,10.16,682.0,3,0.88,1
51,61918.0,15781.0,36,9.75,701.0,36,0.29,0
25,44239.0,7476.0,36,12.82,719.0,18,0.28,1
58,51510.0,10766.0,36,5.9,671.0,35,0.29,0
41,22898.0,15586.0,12,14.07,672.0,10,0.73,1
59,23207.0,15300.0,48,11.87,777.0,5,0.66,0
23,46717.0,14273.0,24,4.73,765.0,39,0.37,0
29,40874.0,14753.0,24,14.83,713.0,31,0.46,1
45,48231.0,13285.0,60,18.94,800.0,37,0.35,1
30,37185.0,3464.0,48,14.01,653.0,13,0.15,0
37,44172.0,10868.0,24,15.71,794.0,16,0.26,0
53,42372.0,22317.0,60,10.34,718.0,23,0.62,0
28,51667.0,4053.0,24,3.35,850.0,18,0.0,0
54,52105.0,13484.0,36,2.62,597.0,9,0.33,0
26,15702.0,8442.0,24,11.02,632.0,15,0.72,1
29,10000.0,15891.0,12,7.63,709.0,24,1.0,0
49,55026.0,11891.0,36,6.34,708.0,1,0.25,0
59,57816.0,26819.0,36,9.75,817.0,13,0.51,0
29,24691.0,19053.0,60,12.46,633.0,12,0.8,1
35,12102.0,4506.0,24,4.19,743.0,2,0.47,0
66,41486.0,20370.0,60,8.2,761.0,5,0.56,1
69,53963.0,8803.0,48,16.04,729.0,20,0.22,0
49,66964.0,10384.0,12,5.7,613.0,4,0.24,0
42,47744.0,17511.0,48,13.48,779.0,14,0.42,0
37,34424.0,11066.0,36,8.06,766.0,22,0.53,0
51,26603.0,22143.0,24,12.18,722.0,35,0.89,0
49,40172.0,8804.0,36,14.39,694.0,4,0.28,0
35,35511.0,10048.0,24,12.97,696.0,17,0.25,0
22,24774.0,9749.0,48,13.64,674.0,4,0.42,0
28,70731.0,10475.0,36,5.39,725.0,17,0.26,0
67,66778.0,23794.0,36,14.45,682.0,19,0.34,0
41,57041.0,20030.0,24,6.59,621.0,32,0.29,0
44,26187.0,28680.0,24,11.04,607.0,18,1.0,1
43,52825.0,33141.0,36,11.03,627.0,38,0.75,0
59,49594.0,6754.0,36,11.94,696.0,5,0.19,0
24,46638.0,15563.0,24,11.35,678.0,2,0.37,0
25,58745.0,5590.0,36,6.62,695.0,0,0.05,0
34,49531.0,8779.0,24,4.6,715.0,14,0.25,0
44,51100.0,9959.0,36,13.49,636.0,7,0.28,0
53,49554.0,6543.0,12,10.74,783.0,3,0.09,0
45,45112.0,6585.0,36,14.6,661.0,9,0.25,0
42,13246.0,13846.0,48,9.82,650.0,39,1.0,1
66,41254.0,5266.0,60,4.38,714.0,32,0.23,0
28,31657.0,21737.0,48,13.86,551.0,0,0.77,1
49,20802.0,7658.0,48,8.52,625.0,37,0.45,0
47,65227.0,37477.0,12,11.37,749.0,8,0.65,1
44,65935.0,11389.0,24,7.41,558.0,16,0.27,0
60,60388.0,15576.0,48,16.58,758.0,13,0.22,1
34,43828.0,4637.0,60,6.49,786.0,16,0.08,0
67,60259.0,28649.0,36,8.65,654.0,31,0.49,0
37,40181.0,23956.0,60,10.43,700.0,29,0.64,1
47,43042.0,17375.0,24,5.63,758.0,24,0.47,0
46,23598.0,4226.0,12,11.32,647.0,25,0.25,0
62,45955.0,16685.0,12,16.45,741.0,29,0.47,1
42,40906.0,6029.0,36,8.04,633.0,7,0.25,0
34,20460.0,26699.0,48,11.58,647.0,16,1.0,1
22,39232.0,21474.0,24,1.0,624.0,4,0.61,0
38,38804.0,15764.0,48,9.84,704.0,28,0.41,0
61,66963.0,1000.0,48,8.75,761.0,17,0.06,0
21,53413.0,7133.0,24,6.73,667.0,26,0.2,0
64,40172.0,20502.0,24,14.33,591.0,23,0.39,1
47,43732.0,24703.0,48,8.7,604.0,11,0.74,0
27,40663.0,23873.0,48,9.29,708.0,5,0.67,0
35,36956.0,2264.0,12,8.49,809.0,39,0.08,0
48,23764.0,17412.0,24,2.33,708.0,12,0.88,0
36,37734.0,23124.0,36,5.47,653.0,4,0.65,0
26,28809.0,1733.0,36,13.84,734.0,12,0.12,0
53,21245.0,14937.0,12,1.56,663.0,36,0.73,0
53,47668.0,17191.0,60,6.93,654.0,10,0.49,1
26,45869.0,12594.0,24,8.4,613.0,40,0.32,0
34,13199.0,1000.0,24,16.97,779.0,18,0.13,0
32,38160.0,12394.0,12,13.07,502.0,35,0.43,1
53,54936.0,12382.0,60,7.77,736.0,26,0.3,0
56,55888.0,13815.0,24,15.22,648.0,1,0.29,1
56,55388.0,10492.0,60,7.04,651.0,20,0.29,0
66,40584.0,11456.0,36,14.04,798.0,17,0.46,0
58,27324.0,14682.0,60,4.56,630.0,8,0.6,1
36,23745.0,18540.0,12,14.29,632.0,22,0.84,0
26,45169.0,12565.0,12,8.38,671.0,4,0.34,0
51,45689.0,11723.0,60,5.89,709.0,28,0.37,0
65,59310.0,15739.0,60,9.13,649.0,33,0.29,0
68,56500.0,1000.0,36,11.11,570.0,3,0.05,0
32,38017.0,18816.0,12,8.02,619.0,19,0.47,0
32,21337.0,14995.0,60,12.22,770.0,26,0.69,1
22,35213.0,15318.0,24,7.67,685.0,2,0.46,1
27,43258.0,22686.0,60,12.48,712.0,15,0.57,0
48,36969.0,1000.0,60,11.77,662.0,10,0.17,0
47,31332.0,1000.0,60,9.76,634.0,1,0.11,0
39,43793.0,17190.0,48,8.23,797.0,32,0.4,1
36,32441.0,14943.0,48,10.61,667.0,18,0.47,0
61,30579.0,16361.0,36,12.2,649.0,30,0.65,0
43,44672.0,11303.0,12,18.25,757.0,24,0.36,0
60,33970.0,20315.0,24,13.76,629.0,35,0.65,0
68,43662.0,22461.0,48,13.9,638.0,40,0.54,0
36,44098.0,18872.0,60,22.35,681.0,24,0.53,1
30,22909.0,12913.0,36,12.06,680.0,14,0.56,1
67,32781.0,1000.0,48,11.94,698.0,17,0.1,0
52,61567.0,21154.0,12,12.82,826.0,33,0.51,0
35,22569.0,24774.0,36,5.96,704.0,17,1.0,0
51,10000.0,20156.0,36,8.22,514.0,21,1.0,0
46,12072.0,7963.0,60,7.98,703.0,7,0.73,1
65,40437.0,20390.0,24,12.59,683.0,40,0.53,0
33,40464.0,21884.0,24,9.3,683.0,26,0.52,0
69,38236.0,27471.0,24,10.55,697.0,13,0.8,0
66,58213.0,7991.0,12,14.35,678.0,23,0.24,0
29,10000.0,13188.0,36,13.45,676.0,16,1.0,1
29,45939.0,20978.0,48,9.35,723.0,6,0.49,0
47,63422.0,15459.0,60,7.32,642.0,35,0.25,1
23,23083.0,6061.0,60,14.54,614.0,36,0.31,0
35,34303.0,18317.0,12,13.1,850.0,34,0.56,1
42,28707.0,19629.0,24,3.57,630.0,15,0.68,0
68,26585.0,15704.0,24,8.75,687.0,10,0.74,1
69,35106.0,16757.0,24,10.66,575.0,2,0.55,0
28,61412.0,12930.0,60,13.12,688.0,29,0.29,0
64,67561.0,26826.0,12,13.64,615.0,13,0.49,0
25,34961.0,7794.0,12,11.14,649.0,36,0.31,0
57,68576.0,10301.0,60,12.34,753.0,35,0.18,0
62,40534.0,15088.0,60,10.26,713.0,5,0.44,0
64,66305.0,22032.0,24,7.3,720.0,37,0.37,1
31,38601.0,3021.0,24,8.95,556.0,5,0.15,0
64,41966.0,4518.0,36,10.08,809.0,20,0.17,0
26,45482.0,1000.0,36,9.86,597.0,19,0.05,0
46,87683.0,15262.0,60,2.46,787.0,39,0.16,0
44,52769.0,6054.0,36,8.41,752.0,26,0.17,0
36,29391.0,11924.0,12,10.22,720.0,35,0.45,0
22,54535.0,20291.0,36,8.87,620.0,24,0.33,0
58,34573.0,9868.0,36,9.01,691.0,33,0.36,0
37,32654.0,16850.0,36,11.95,647.0,34,0.61,0
53,53629.0,12605.0,36,5.68,682.0,35,0.41,0
41,40466.0,20377.0,60,3.49,663.0,16,0.53,1
39,44179.0,18801.0,60,8.61,537.0,15,0.45,0
64,40210.0,9465.0,24,13.06,759.0,40,0.23,0
25,45049.0,13651.0,24,16.75,674.0,31,0.36,0
57,46374.0,23350.0,48,13.13,646.0,37,0.56,1
57,10945.0,18147.0,36,4.13,641.0,23,1.0,0
39,49999.0,3824.0,36,9.07,705.0,38,0.12,0
33,25270.0,20245.0,12,11.03,617.0,29,0.75,1
21,18366.0,6323.0,24,10.71,522.0,30,0.44,0
66,39124.0,26300.0,48,12.16,708.0,7,0.68,1
67,41260.0,23193.0,60,6.33,716.0,23,0.61,1
32,29597.0,17319.0,48,10.26,666.0,29,0.56,0
22,52465.0,16258.0,24,11.68,600.0,31,0.33,1
27,19867.0,13328.0,12,13.3,686.0,39,0.71,0
24,33896.0,20428.0,12,6.78,577.0,13,0.65,0
61,31227.0,12034.0,24,8.62,608.0,12,0.46,0
64,39301.0,16885.0,36,1.0,627.0,39,0.55,0
28,44183.0,21975.0,60,7.51,739.0,40,0.58,0
57,24882.0,10506.0,60,7.9,655.0,7,0.52,0
29,50864.0,10070.0,12,5.92,649.0,15,0.32,0
38,40945.0,5445.0,48,10.66,817.0,38,0.21,1
50,11621.0,6484.0,24,9.78,705.0,8,0.61,0
56,10621.0,1000.0,12,1.0,704.0,32,0.19,0
63,39815.0,20839.0,36,10.86,654.0,4,0.63,1
23,36685.0,29471.0,12,6.29,638.0,7,0.89,1
30,38449.0,26403.0,24,11.94,527.0,32,0.66,0
34,39580.0,1991.0,36,4.87,748.0,24,0.06,0
36,43383.0,20799.0,24,10.12,711.0,22,0.52,0
69,54215.0,26377.0,36,8.87,667.0,35,0.58,0
59,23333.0,11346.0,36,11.21,670.0,12,0.54,1
36,22420.0,15812.0,48,10.5,732.0,20,0.81,0
68,23600.0,1000.0,12,8.98,571.0,24,0.16,0
45,44334.0,17134.0,12,3.85,639.0,30,0.5,0
45,58674.0,6492.0,36,4.09,600.0,13,0.22,0
42,33530.0,16597.0,24,7.66,804.0,25,0.49,0
28,10000.0,2510.0,48,9.97,741.0,18,0.33,0
66,14440.0,19343.0,12,7.57,526.0,22,1.0,1
21,27504.0,23196.0,36,12.5,574.0,35,0.81,0
29,31634.0,8735.0,60,8.88,671.0,16,0.31,0
32,33874.0,5905.0,12,6.14,647.0,27,0.29,0
34,40579.0,1000.0,24,8.89,587.0,38,0.1,0
27,35324.0,12869.0,60,10.9,816.0,31,0.52,0
21,55740.0,10347.0,36,11.3,702.0,40,0.24,0
54,29860.0,2592.0,12,17.51,713.0,23,0.26,1
68,27065.0,18624.0,24,7.32,632.0,11,0.75,0
26,47183.0,11400.0,48,9.71,731.0,40,0.29,0
35,16965.0,6394.0,60,11.7,653.0,26,0.36,0
45,45845.0,10563.0,24,9.91,660.0,9,0.34,0
66,41538.0,23570.0,36,8.0,723.0,13,0.59,0
55,37788.0,19823.0,48,3.8,566.0,10,0.54,0
58,63824.0,13960.0,12,7.96,792.0,34,0.33,0
49,30667.0,19953.0,24,5.71,693.0,3,0.76,1
41,70904.0,5713.0,48,3.09,770.0,30,0.19,0
30,36619.0,15259.0,12,6.82,605.0,22,0.45,0
63,20845.0,16179.0,48,5.81,615.0,3,0.82,1
60,41049.0,11241.0,36,12.34,599.0,25,0.32,0
22,23856.0,18484.0,60,12.4,698.0,30,0.86,1
56,28724.0,8757.0,12,6.38,685.0,29,0.43,0
25,45955.0,19079.0,60,8.96,647.0,21,0.48,1
57,48334.0,19415.0,24,2.57,609.0,13,0.55,0
61,30667.0,1000.0,12,8.02,591.0,6,0.13,0
27,54811.0,24522.0,48,11.6,677.0,0,0.49,1
42,57363.0,1000.0,36,13.3,647.0,14,0.11,1
27,61545.0,10072.0,60,7.15,632.0,25,0.3,0
48,47941.0,23203.0,12,14.21,788.0,1,0.63,0
66,60451.0,12462.0,12,3.94,674.0,40,0.32,0
24,11788.0,3271.0,36,5.01,769.0,24,0.33,0
40,35231.0,6250.0,60,12.84,643.0,12,0.22,0
68,26995.0,23215.0,36,16.68,697.0,39,0.94,1
35,41788.0,1000.0,48,11.97,676.0,7,0.16,0
27,31428.0,24032.0,60,9.84,561.0,39,0.84,1
44,37508.0,14559.0,60,1.22,780.0,11,0.46,0
45,68233.0,5461.0,36,1.91,671.0,15,0.13,0
53,37454.0,10335.0,48,10.52,732.0,17,0.31,1
36,46207.0,6862.0,36,8.57,627.0,40,0.19,0
67,36516.0,21930.0,48,5.58,668.0,10,0.66,1
46,41136.0,20859.0,36,10.26,619.0,39,0.64,0
35,40090.0,1247.0,36,10.46,767.0,14,0.07,0
68,46725.0,11771.0,36,13.78,702.0,11,0.3,0
66,57480.0,8095.0,48,10.55,706.0,26,0.15,0
45,64711.0,25348.0,48,14.91,775.0,28,0.48,1
22,44644.0,4199.0,60,10.03,761.0,14,0.21,0
50,48843.0,27834.0,48,9.54,734.0,5,0.7,1
48,22737.0,14734.0,12,14.26,580.0,16,0.71,1
28,38682.0,5705.0,36,6.09,631.0,22,0.23,0
52,54104.0,9582.0,24,21.26,610.0,1,0.22,0
62,52990.0,8587.0,12,11.5,731.0,3,0.24,0
26,43174.0,4803.0,12,11.52,692.0,37,0.18,0
56,53296.0,15759.0,36,12.1,583.0,1,0.35,0
27,47362.0,5177.0,60,17.51,667.0,16,0.17,0
57,58005.0,1000.0,36,13.17,575.0,31,0.09,0
41,44340.0,11963.0,36,3.58,676.0,13,0.31,1
21,34665.0,1000.0,12,15.61,564.0,20,0.07,1
68,45038.0,8983.0,48,8.64,717.0,3,0.33,0
29,10000.0,7727.0,12,10.43,706.0,32,0.96,0
50,45743.0,8030.0,60,4.88,814.0,26,0.17,0
29,10000.0,31008.0,60,12.1,739.0,34,1.0,1
66,14148.0,15451.0,60,7.39,650.0,35,1.0,1
57,46777.0,16963.0,24,10.4,737.0,14,0.41,0
60,47163.0,1000.0,12,8.86,582.0,1,0.12,0
42,22564.0,9768.0,24,17.7,613.0,14,0.51,1
43,29318.0,16722.0,48,17.93,703.0,5,0.63,0
52,60558.0,6804.0,24,10.19,529.0,21,0.19,0
59,32740.0,22265.0,60,10.26,677.0,6,0.7,1
62,73644.0,5378.0,12,8.51,609.0,37,0.11,0
21,39971.0,12709.0,12,14.42,687.0,24,0.37,0
53,46121.0,10312.0,24,8.68,605.0,10,0.19,0
26,64253.0,16315.0,48,8.31,710.0,37,0.25,0
35,41965.0,9876.0,48,13.91,681.0,31,0.23,0
61,24965.0,12833.0,24,7.85,778.0,17,0.6,0
33,38354.0,13111.0,48,9.85,680.0,6,0.4,0
60,39466.0,9125.0,48,3.67,626.0,14,0.31,0
43,19529.0,18881.0,36,12.82,663.0,23,0.92,1
32,36163.0,16907.0,36,17.76,586.0,31,0.44,0
37,28867.0,14291.0,12,12.88,708.0,10,0.58,0
47,53865.0,11556.0,24,15.85,721.0,30,0.13,0
58,40519.0,21372.0,36,6.62,850.0,11,0.64,0
50,35758.0,13113.0,12,10.95,636.0,10,0.33,0
66,38407.0,12546.0,36,6.23,661.0,18,0.42,0
63,43347.0,15838.0,12,9.09,640.0,6,0.37,0
57,49252.0,28573.0,48,13.09,695.0,16,0.68,1
50,25004.0,4277.0,12,10.41,707.0,14,0.38,0
35,24376.0,21159.0,12,4.35,676.0,11,0.8,1
41,56570.0,1000.0,48,4.74,756.0,31,0.1,0
26,33815.0,16738.0,24,4.48,637.0,13,0.45,0
39,18747.0,27601.0,24,11.97,749.0,28,1.0,1
66,46657.0,18909.0,24,18.26,718.0,29,0.44,1
41,46951.0,16365.0,24,15.45,679.0,27,0.41,1
26,17039.0,10516.0,48,2.42,658.0,11,0.62,0
52,43442.0,15248.0,48,15.68,850.0,34,0.44,0
68,51034.0,12983.0,24,13.75,623.0,9,0.23,0
63,45616.0,8712.0,48,3.82,701.0,11,0.3,0
34,49480.0,12681.0,48,8.79,627.0,35,0.29,0
43,18936.0,16587.0,36,14.38,805.0,13,0.86,1
47,44966.0,8862.0,36,12.2,742.0,28,0.33,0
33,35461.0,8550.0,60,4.76,633.0,1,0.29,1
34,32758.0,4118.0,36,12.44,716.0,25,0.27,0
32,53058.0,18126.0,24,1.45,698.0,35,0.45,0
69,62189.0,19363.0,36,9.11,644.0,29,0.32,0
57,66916.0,16853.0,60,14.55,733.0,23,0.3,0
62,59722.0,22721.0,48,10.07,707.0,34,0.44,0
61,38354.0,15703.0,12,8.0,695.0,12,0.54,0
67,45291.0,18136.0,36,13.56,677.0,15,0.47,0
26,51502.0,17431.0,48,13.9,710.0,2,0.4,1
64,41818.0,14268.0,24,15.24,696.0,28,0.38,0
24,41961.0,10753.0,60,13.5,684.0,29,0.3,0
44,52356.0,32713.0,60,14.33,635.0,30,0.74,1
50,39111.0,11384.0,60,12.93,799.0,30,0.34,0
38,29061.0,9673.0,12,11.06,606.0,5,0.36,1
28,33783.0,18472.0,36,10.36,710.0,27,0.57,1
30,49509.0,17015.0,36,9.05,658.0,31,0.37,0
61,40045.0,3762.0,48,5.15,803.0,8,0.07,0
36,45103.0,23981.0,60,6.18,617.0,19,0.54,0
36,50051.0,14246.0,24,8.87,629.0,37,0.41,0
66,34377.0,6113.0,36,10.97,612.0,17,0.22,0
28,51344.0,24510.0,48,15.76,703.0,30,0.56,0
65,45683.0,20005.0,48,9.83,584.0,21,0.36,0
66,21478.0,4884.0,48,14.01,647.0,26,0.31,0
50,61635.0,29217.0,24,14.32,529.0,25,0.52,0
29,32489.0,20270.0,60,9.07,697.0,26,0.65,0
28,15174.0,14918.0,12,12.38,645.0,31,1.0,1
34,24324.0,27722.0,36,9.03,576.0,37,1.0,0
49,24684.0,16274.0,48,15.29,756.0,12,0.6,0
28,40783.0,14775.0,12,12.54,588.0,38,0.46,0
43,35892.0,9718.0,36,5.24,736.0,25,0.33,0
26,34948.0,19655.0,36,10.65,631.0,24,0.6,1
47,49296.0,18813.0,48,16.59,792.0,13,0.38,1
22,45098.0,15117.0,12,9.28,732.0,17,0.31,0
55,44741.0,8680.0,24,11.79,609.0,26,0.26,0
23,46147.0,16039.0,24,12.18,616.0,14,0.48,1
30,49242.0,14442.0,48,5.85,722.0,11,0.35,0
29,10000.0,4332.0,24,12.04,662.0,33,0.41,0
61,34533.0,3226.0,36,4.42,668.0,17,0.15,0
23,10000.0,19521.0,48,7.5,769.0,26,1.0,0
42,40541.0,1000.0,48,14.3,628.0,1,0.12,0
49,39931.0,16643.0,12,11.43,686.0,3,0.5,0
46,55683.0,11175.0,60,8.78,747.0,34,0.1,0
54,57815.0,25466.0,12,11.79,737.0,5,0.52,0
60,43042.0,11052.0,12,9.76,669.0,32,0.26,0
40,32495.0,20276.0,12,10.05,660.0,36,0.6,0
61,47277.0,11825.0,24,12.63,558.0,19,0.29,0
36,32081.0,15910.0,60,7.09,606.0,36,0.57,0
69,39979.0,20895.0,24,10.16,702.0,17,0.49,0
45,54792.0,11300.0,48,8.75,670.0,39,0.29,0
57,31633.0,22972.0,36,3.66,685.0,9,0.81,0
63,52085.0,7050.0,12,6.32,753.0,17,0.19,0
59,50161.0,17357.0,36,16.27,597.0,15,0.35,1
62,25678.0,22381.0,12,11.54,663.0,32,0.87,0
47,54608.0,20280.0,36,4.71,693.0,1,0.47,1
23,50478.0,30332.0,36,3.84,631.0,33,0.58,0
45,41529.0,8892.0,36,9.55,780.0,0,0.32,0
29,28565.0,3967.0,24,16.24,744.0,12,0.18,0
64,27112.0,7045.0,48,9.25,700.0,24,0.31,0
32,31935.0,20284.0,36,15.23,806.0,5,0.6,1
32,48139.0,18983.0,24,11.41,575.0,20,0.44,0
33,25666.0,15818.0,36,11.89,679.0,40,0.7,0
52,46563.0,6016.0,12,4.66,706.0,33,0.11,0
48,21374.0,21135.0,60,13.75,616.0,1,1.0,0
67,36939.0,5202.0,48,8.66,701.0,24,0.2,0
41,41645.0,24272.0,24,13.45,603.0,24,0.6,1
34,76677.0,37860.0,48,6.74,728.0,2,0.59,1
23,19340.0,17932.0,48,10.71,754.0,26,0.87,1
21,62080.0,19665.0,48,11.41,699.0,21,0.38,0
39,42248.0,11057.0,12,9.38,550.0,27,0.39,0
66,46168.0,1000.0,60,11.62,612.0,12,0.14,0
46,41775.0,10178.0,60,8.93,720.0,10,0.31,0
64,46671.0,6257.0,60,7.4,681.0,30,0.17,0
25,37695.0,3424.0,60,16.42,491.0,29,0.11,0
25,61811.0,28779.0,60,14.2,767.0,6,0.5,1
61,33153.0,17183.0,48,6.96,690.0,8,0.6,0
26,56984.0,18038.0,12,12.27,623.0,24,0.33,1
23,30334.0,12528.0,36,7.03,750.0,33,0.5,0
40,39096.0,13617.0,24,5.26,633.0,8,0.5,0
66,23921.0,22716.0,24,14.14,632.0,8,1.0,1
54,46825.0,14741.0,60,3.18,705.0,33,0.3,0
25,61677.0,19246.0,60,13.71,805.0,28,0.29,0
62,38840.0,13432.0,36,8.99,794.0,36,0.43,0
62,37047.0,12263.0,48,9.15,705.0,32,0.38,0
60,23281.0,3745.0,12,11.64,712.0,39,0.25,0
65,36561.0,1000.0,24,12.32,735.0,7,0.05,0
32,16108.0,12908.0,60,6.69,592.0,11,0.89,0
68,26307.0,15452.0,36,12.87,725.0,9,0.63,1
36,43402.0,4711.0,36,10.45,629.0,2,0.12,0
60,59785.0,14724.0,36,4.98,702.0,31,0.28,0
49,82138.0,15430.0,24,9.32,664.0,27,0.18,0
59,31201.0,1000.0,60,15.53,715.0,3,0.18,0
51,61530.0,7679.0,48,16.71,688.0,8,0.17,1
52,43656.0,18258.0,48,12.87,465.0,7,0.5,0
51,37731.0,18096.0,24,5.24,693.0,16,0.5,0
59,46489.0,5771.0,48,11.96,725.0,18,0.12,0
57,40929.0,16268.0,60,13.4,711.0,11,0.44,0
27,41656.0,23179.0,48,12.9,673.0,38,0.66,1
61,33875.0,21217.0,36,13.14,795.0,8,0.65,1
47,19028.0,14238.0,24,11.45,702.0,23,0.75,1
36,16846.0,11256.0,36,9.71,711.0,17,0.73,1
46,49799.0,9965.0,24,7.57,753.0,15,0.28,1
68,35849.0,18743.0,48,2.41,705.0,33,0.65,0
63,31059.0,16561.0,12,11.36,617.0,40,0.6,1
61,40128.0,20035.0,12,10.74,509.0,0,0.58,1
43,51924.0,16055.0,48,12.23,647.0,19,0.4,0
59,42705.0,21550.0,24,4.65,733.0,4,0.5,0
39,30159.0,15757.0,36,12.58,655.0,17,0.52,1
54,58394.0,21278.0,36,18.22,736.0,25,0.36,0
52,63688.0,21967.0,36,10.31,690.0,16,0.33,1
33,47418.0,8564.0,48,9.75,770.0,12,0.27,0
34,54605.0,1000.0,24,11.24,659.0,12,0.08,0
23,58629.0,27348.0,48,18.13,713.0,12,0.52,1
27,56951.0,17053.0,24,5.91,715.0,13,0.22,0
42,49211.0,1284.0,24,10.81,785.0,15,0.18,0
44,48975.0,9289.0,36,6.8,561.0,28,0.19,0
29,47795.0,21175.0,60,7.81,648.0,3,0.6,0
41,23540.0,12763.0,24,9.8,739.0,1,0.52,0
50,50511.0,10904.0,36,15.39,788.0,21,0.23,0
32,19663.0,26207.0,12,17.2,697.0,27,1.0,1
37,28081.0,6622.0,12,11.79,660.0,10,0.3,0
39,59553.0,8615.0,48,8.49,733.0,8,0.14,0
45,52603.0,16691.0,48,19.97,741.0,25,0.31,0
38,62311.0,18124.0,24,8.29,655.0,15,0.27,0
57,35925.0,18971.0,48,7.72,703.0,30,0.62,0
37,22716.0,22290.0,24,2.9,763.0,6,1.0,0
42,36393.0,16589.0,24,15.58,812.0,4,0.6,1
39,41530.0,18915.0,36,13.87,732.0,22,0.47,0
29,41185.0,12926.0,24,19.67,683.0,16,0.37,0
54,57005.0,15502.0,60,4.44,676.0,29,0.26,0
32,34581.0,15860.0,36,15.83,719.0,20,0.49,0
35,45281.0,16721.0,24,10.28,672.0,14,0.39,0
59,25171.0,21180.0,36,13.22,693.0,6,0.91,1
67,46755.0,19441.0,48,3.41,606.0,6,0.52,0
53,40047.0,15354.0,24,15.87,771.0,30,0.48,0
65,28753.0,8527.0,60,13.15,600.0,9,0.3,0
62,36463.0,15541.0,36,9.84,650.0,20,0.53,1
44,37237.0,14776.0,48,12.58,687.0,33,0.44,1
58,35948.0,16545.0,60,6.94,819.0,36,0.49,0
37,66570.0,32652.0,36,7.68,650.0,10,0.51,0
43,38523.0,10810.0,12,8.15,633.0,4,0.3,0
47,36342.0,18378.0,48,2.59,641.0,31,0.64,0
68,10000.0,23548.0,12,13.45,796.0,28,1.0,0
62,26587.0,15784.0,36,14.77,483.0,13,0.65,0
44,36054.0,33703.0,60,7.19,610.0,24,0.97,1
52,29712.0,11976.0,36,11.39,850.0,7,0.58,1
30,60726.0,17593.0,48,8.94,721.0,28,0.4,0
60,37526.0,8610.0,36,11.31,603.0,29,0.24,0
48,59327.0,12188.0,24,7.49,677.0,12,0.24,0
47,40926.0,16991.0,24,6.47,685.0,19,0.45,0
58,40558.0,21770.0,36,14.21,739.0,13,0.59,1
52,38668.0,17553.0,12,9.74,809.0,1,0.47,0
24,40057.0,25073.0,36,18.09,707.0,5,0.7,0
35,65782.0,14240.0,36,10.19,642.0,39,0.34,0
29,10000.0,12343.0,60,6.3,735.0,18,1.0,1
57,10000.0,36632.0,12,14.91,631.0,6,1.0,1
22,31852.0,18154.0,60,12.52,608.0,1,0.6,0
30,40218.0,9244.0,36,12.91,557.0,14,0.26,1
50,50352.0,9446.0,48,14.76,570.0,40,0.34,0
55,47096.0,7459.0,36,7.39,617.0,15,0.26,0
45,34236.0,22493.0,24,9.49,598.0,40,0.75,0
63,55286.0,12085.0,60,9.31,702.0,20,0.26,0
66,55453.0,16019.0,24,4.84,596.0,31,0.32,0
27,42761.0,14492.0,12,8.95,460.0,32,0.32,1
67,54440.0,20852.0,48,15.35,607.0,1,0.47,1
51,44090.0,8226.0,48,10.95,647.0,0,0.26,0
52,31578.0,6395.0,60,4.62,638.0,37,0.32,0
25,50467.0,16794.0,36,3.78,786.0,38,0.37,0
51,41659.0,19808.0,12,16.66,637.0,5,0.52,0
56,40020.0,17660.0,12,9.64,742.0,26,0.5,0
49,62094.0,8524.0,36,7.41,679.0,37,0.23,0
25,10000.0,20420.0,24,8.9,677.0,38,1.0,1
46,18735.0,9049.0,60,4.09,622.0,12,0.57,1
66,22194.0,10828.0,12,15.69,676.0,33,0.54,1
56,34551.0,7448.0,60,8.43,626.0,26,0.21,1
27,36181.0,25409.0,24,15.47,692.0,38,0.65,0
68,17390.0,20067.0,12,10.21,663.0,6,1.0,1
67,25223.0,19840.0,24,15.72,614.0,24,0.91,1
29,27087.0,24978.0,12,11.03,749.0,1,1.0,0
60,76861.0,37501.0,36,13.41,710.0,14,0.56,1
40,67026.0,1326.0,24,12.88,649.0,0,0.17,0
50,33824.0,9093.0,36,12.49,690.0,18,0.32,0
42,34546.0,10071.0,36,11.39,674.0,33,0.39,0
59,22762.0,8193.0,12,9.07,619.0,26,0.39,0
69,11378.0,6379.0,12,17.66,685.0,12,0.58,1
59,38247.0,12603.0,12,6.37,637.0,17,0.35,0
66,25032.0,5267.0,12,10.02,614.0,15,0.16,1
67,38727.0,17680.0,12,10.06,566.0,29,0.57,0
25,15997.0,15414.0,24,11.61,655.0,10,0.98,0
33,28570.0,18848.0,36,8.28,720.0,3,0.67,1
56,42229.0,19062.0,24,11.26,631.0,20,0.44,1
49,45493.0,19824.0,24,9.32,850.0,34,0.48,0
23,46262.0,12013.0,36,3.67,742.0,19,0.4,0
25,20193.0,31969.0,36,10.04,771.0,8,1.0,1
46,52820.0,16875.0,24,5.6,736.0,1,0.29,0
51,27997.0,1000.0,24,3.06,810.0,38,0.07,0
29,49493.0,6981.0,36,10.55,625.0,31,0.14,0
29,39840.0,1076.0,12,11.95,501.0,6,0.13,0
27,19354.0,15139.0,36,12.11,649.0,3,0.85,1
48,35257.0,14026.0,60,12.27,719.0,5,0.42,1
21,45480.0,11253.0,24,2.27,691.0,15,0.3,1
49,49194.0,31087.0,12,4.56,699.0,33,0.66,1
44,37885.0,19392.0,48,17.89,772.0,6,0.64,0
43,62977.0,20809.0,12,5.81,707.0,33,0.41,0
54,55113.0,7551.0,12,12.44,736.0,0,0.22,0
46,36150.0,7007.0,12,7.25,614.0,30,0.11,0
56,51252.0,15294.0,60,10.32,603.0,11,0.35,0
58,69007.0,16384.0,60,7.47,793.0,39,0.39,0
66,69407.0,1000.0,36,12.25,687.0,19,0.13,0
60,21580.0,13558.0,48,10.55,636.0,11,0.59,1
46,26102.0,15113.0,48,8.21,637.0,9,0.61,0
45,62274.0,13279.0,48,5.8,635.0,33,0.2,0
32,24126.0,8493.0,36,11.07,630.0,16,0.49,1
50,20162.0,10684.0,60,5.15,590.0,14,0.59,0
27,32707.0,13585.0,48,11.71,575.0,30,0.43,0
66,46303.0,15726.0,12,20.51,666.0,22,0.39,1
62,38464.0,19838.0,24,15.4,638.0,27,0.44,0
26,30242.0,23647.0,60,12.87,758.0,18,0.78,0
59,29887.0,12645.0,36,9.66,701.0,2,0.47,1
26,29315.0,11351.0,24,2.24,699.0,0,0.48,0
56,26807.0,18501.0,60,4.71,628.0,1,0.64,0
25,74224.0,19887.0,48,15.13,672.0,23,0.3,1
44,44463.0,11526.0,36,6.84,705.0,21,0.36,0
53,53301.0,21323.0,36,7.2,730.0,30,0.38,0
56,32664.0,22837.0,12,9.34,673.0,36,0.76,1
41,37211.0,25333.0,24,5.75,756.0,7,0.73,0
66,29297.0,29227.0,36,5.09,681.0,39,1.0,0
58,10000.0,8069.0,60,9.8,735.0,38,0.85,0
31,19330.0,15111.0,24,6.43,646.0,25,0.82,0
53,12841.0,15090.0,12,7.04,553.0,21,1.0,0
56,10000.0,14215.0,36,6.88,699.0,7,1.0,1
37,22070.0,9806.0,60,12.09,731.0,7,0.48,0
57,59874.0,3116.0,36,9.07,720.0,0,0.08,0
65,39333.0,15741.0,24,9.29,710.0,26,0.44,0
61,59358.0,8853.0,48,12.39,656.0,17,0.24,0
58,46165.0,15688.0,48,9.43,624.0,7,0.42,0
52,51738.0,8648.0,24,8.89,719.0,5,0.18,0
34,26487.0,6203.0,60,11.88,710.0,2,0.29,0
59,47859.0,16874.0,36,12.67,641.0,26,0.48,0
38,50931.0,16207.0,12,9.41,758.0,28,0.33,0
47,31350.0,19634.0,36,10.32,618.0,25,0.68,1
36,48393.0,32487.0,60,6.87,639.0,4,0.71,0
36,48493.0,17218.0,24,6.56,795.0,1,0.4,0
28,31757.0,18881.0,36,13.08,741.0,4,0.56,0
68,23158.0,6380.0,48,11.78,655.0,30,0.4,0
28,22238.0,4705.0,48,11.82,700.0,30,0.22,0
25,41298.0,27663.0,60,11.12,691.0,12,0.77,1
66,44905.0,7612.0,12,10.18,488.0,2,0.19,0
48,28112.0,6648.0,36,12.79,617.0,13,0.26,0
42,40399.0,14687.0,36,13.74,676.0,33,0.47,0
57,48558.0,14278.0,12,13.64,655.0,5,0.39,0
39,49273.0,7780.0,48,9.6,697.0,32,0.22,0
27,63278.0,12560.0,12,15.55,759.0,18,0.29,0
56,59155.0,24835.0,36,10.91,657.0,5,0.46,1
29,24981.0,8552.0,24,12.53,606.0,38,0.39,0
48,65254.0,3851.0,12,11.13,703.0,21,0.08,0
67,32035.0,22541.0,60,10.99,657.0,27,0.8,0
66,55673.0,18938.0,24,7.06,669.0,3,0.36,0
38,41020.0,10036.0,24,12.81,660.0,15,0.37,1
59,33818.0,2343.0,60,21.38,837.0,25,0.1,0
51,12885.0,9043.0,60,8.5,523.0,26,0.75,0
44,37427.0,14562.0,12,10.28,653.0,2,0.48,0
27,16609.0,24325.0,24,8.22,680.0,24,1.0,0
39,54509.0,6707.0,48,8.05,625.0,38,0.16,0
52,62752.0,14324.0,48,16.18,743.0,32,0.28,0
69,28046.0,20401.0,60,7.31,737.0,8,0.82,1
21,44530.0,1000.0,36,8.1,677.0,37,0.04,0
56,29119.0,23270.0,12,3.65,661.0,27,0.84,0
62,30573.0,5540.0,60,6.97,672.0,2,0.23,0
67,51617.0,17656.0,12,3.17,673.0,5,0.44,0
41,39422.0,16973.0,12,12.53,675.0,37,0.48,0
26,66095.0,23677.0,48,21.2,667.0,8,0.5,1
34,32767.0,19407.0,48,8.53,698.0,3,0.63,1
62,54990.0,1000.0,12,3.33,733.0,18,0.06,0
64,41461.0,8722.0,12,13.6,594.0,21,0.25,0
52,51937.0,16106.0,36,7.09,606.0,23,0.29,0
27,33293.0,13440.0,24,15.2,558.0,27,0.4,1
26,39257.0,18821.0,48,8.87,741.0,40,0.5,0
44,38268.0,21315.0,36,7.47,698.0,31,0.66,0
49,27459.0,19868.0,36,9.29,715.0,1,0.77,1
22,49931.0,13286.0,36,13.03,580.0,3,0.29,0
54,49754.0,1000.0,24,9.09,805.0,0,0.13,0
47,48903.0,11356.0,24,8.01,637.0,16,0.36,1
21,63054.0,18331.0,48,9.2,692.0,14,0.4,1
25,61740.0,6276.0,36,4.91,740.0,38,0.11,0
43,34376.0,20050.0,36,11.59,611.0,15,0.61,0
56,45596.0,22267.0,36,2.85,642.0,1,0.63,0
61,30646.0,16015.0,24,8.22,693.0,36,0.58,0
42,40350.0,1000.0,60,13.04,850.0,10,0.06,0
35,31004.0,4775.0,36,11.21,701.0,37,0.24,0
68,64301.0,30090.0,48,12.36,792.0,31,0.57,0
43,45455.0,10628.0,60,9.74,764.0,36,0.26,0
36,36730.0,1000.0,60,14.68,706.0,33,0.09,0
42,57904.0,24882.0,48,13.7,611.0,5,0.53,1
21,10000.0,15107.0,48,11.78,754.0,25,1.0,1
35,10000.0,23840.0,36,13.71,575.0,16,1.0,1
46,51938.0,17216.0,48,13.0,792.0,25,0.33,0
66,40907.0,18668.0,24,8.24,694.0,30,0.46,1
57,43757.0,17904.0,48,4.62,494.0,20,0.43,0
59,20104.0,20580.0,12,11.68,656.0,12,1.0,1
47,39651.0,33219.0,60,12.18,726.0,37,0.87,1
26,70053.0,22768.0,24,14.36,663.0,27,0.34,0
40,52363.0,2357.0,48,6.25,730.0,36,0.1,0
69,42546.0,18573.0,12,6.37,620.0,9,0.43,1
23,33414.0,24132.0,12,11.84,589.0,34,0.79,1
64,34081.0,24622.0,60,9.72,675.0,13,0.83,0
54,10000.0,11587.0,60,2.46,682.0,18,1.0,1
34,43865.0,24320.0,24,11.5,656.0,35,0.59,1
59,52682.0,22422.0,12,2.59,766.0,14,0.49,0
62,16366.0,35580.0,60,6.22,620.0,10,1.0,0
23,30079.0,9000.0,60,15.41,702.0,37,0.38,0
26,22638.0,10941.0,12,17.3,685.0,39,0.69,0
53,25520.0,12551.0,48,5.14,571.0,12,0.54,0
69,40802.0,11078.0,24,8.68,588.0,12,0.32,0
22,10000.0,7880.0,48,10.17,681.0,9,0.88,1
53,49214.0,1000.0,36,17.12,819.0,0,0.15,0
27,51308.0,11522.0,12,8.03,721.0,22,0.32,0
52,36233.0,17955.0,24,8.09,559.0,10,0.44,1
51,10000.0,11054.0,36,16.19,462.0,34,1.0,1
25,25054.0,30483.0,48,8.5,731.0,7,1.0,1
54,58494.0,15107.0,12,12.89,673.0,26,0.34,0
64,10000.0,25328.0,60,4.09,760.0,20,1.0,1
63,34787.0,17091.0,48,9.32,618.0,25,0.56,0
22,22300.0,21611.0,60,3.36,705.0,4,0.96,0
33,52069.0,17234.0,60,5.78,739.0,19,0.44,0
32,29873.0,25950.0,12,13.36,649.0,25,0.87,1
43,46059.0,15448.0,12,9.8,650.0,13,0.39,0
28,48482.0,18969.0,48,8.72,682.0,35,0.4,0
62,67543.0,17931.0,12,7.01,718.0,21,0.29,0
59,36956.0,12694.0,12,9.12,679.0,14,0.47,0
60,45641.0,18240.0,36,11.2,748.0,1,0.45,0
30,17724.0,32875.0,60,13.93,648.0,6,1.0,1
21,57856.0,12837.0,48,1.0,587.0,19,0.21,1
65,28592.0,18356.0,36,6.67,818.0,16,0.6,1
35,31589.0,25062.0,12,10.64,638.0,35,0.78,0
53,39666.0,24122.0,24,9.6,640.0,32,0.66,0
65,16557.0,15094.0,48,11.61,675.0,6,1.0,0
22,43432.0,1000.0,12,11.07,685.0,24,0.05,0
21,54512.0,19134.0,36,8.78,653.0,18,0.48,0
21,44394.0,1000.0,12,7.89,679.0,4,0.04,0
28,16167.0,26759.0,24,9.02,677.0,27,1.0,0
23,38143.0,16356.0,24,14.59,692.0,22,0.42,0
61,51130.0,22997.0,48,7.07,515.0,3,0.55,1
50,11830.0,7783.0,60,9.75,812.0,19,0.81,0
69,23879.0,2580.0,12,10.73,670.0,29,0.07,0
60,53148.0,17086.0,48,16.24,721.0,13,0.35,0
68,44051.0,14731.0,48,8.8,584.0,14,0.45,0
32,46180.0,11068.0,60,13.84,647.0,4,0.22,0
35,67892.0,15677.0,60,14.93,633.0,8,0.31,1
62,47028.0,37139.0,12,9.74,783.0,40,0.9,0
32,49868.0,21676.0,48,9.16,639.0,25,0.49,0
23,80661.0,23396.0,36,8.68,733.0,7,0.37,1
53,36793.0,21751.0,12,8.98,634.0,19,0.73,1
60,28032.0,26836.0,24,13.42,648.0,7,1.0,1
68,46417.0,13479.0,60,10.92,663.0,18,0.34,0
66,46585.0,1000.0,36,10.94,770.0,5,0.04,0
26,32099.0,13491.0,24,5.5,548.0,25,0.42,0
58,24514.0,21494.0,24,6.13,588.0,23,0.98,1
62,74648.0,7242.0,60,18.57,544.0,25,0.08,0
55,44903.0,13589.0,24,9.29,604.0,18,0.34,0
61,29016.0,9466.0,12,6.9,623.0,11,0.38,0
62,53739.0,27016.0,36,15.72,567.0,10,0.53,0
42,38363.0,20996.0,60,11.13,629.0,8,0.61,1
22,36207.0,20212.0,12,12.31,539.0,17,0.74,1
43,48434.0,19973.0,24,9.45,609.0,18,0.46,0
30,20622.0,14702.0,36,8.73,764.0,27,0.74,0
26,45289.0,16580.0,12,9.32,708.0,2,0.47,0
27,68694.0,5519.0,48,4.47,693.0,11,0.14,0
55,46993.0,1000.0,24,9.65,610.0,34,0.14,0
45,34357.0,16201.0,12,11.18,572.0,37,0.53,1
47,32393.0,17592.0,24,17.4,600.0,38,0.58,1
57,33845.0,24674.0,60,10.34,677.0,12,0.69,1
47,36191.0,27571.0,60,1.0,741.0,5,0.73,0
51,34333.0,27560.0,36,9.62,743.0,8,0.76,1
25,53745.0,7016.0,36,20.96,724.0,5,0.2,0
62,14002.0,12182.0,60,13.47,628.0,39,0.85,1
42,52930.0,18843.0,12,6.76,682.0,36,0.47,0
28,34305.0,35255.0,48,12.36,658.0,33,1.0,0
60,45654.0,26841.0,48,7.03,666.0,29,0.63,0
56,23095.0,23955.0,48,4.58,823.0,14,1.0,0
23,59929.0,11898.0,24,8.61,557.0,19,0.28,0
30,58685.0,7934.0,48,10.37,664.0,34,0.14,0
21,54394.0,21311.0,48,2.51,765.0,33,0.39,0
34,17279.0,6195.0,60,5.4,577.0,21,0.47,1
25,52437.0,13093.0,12,10.04,635.0,34,0.32,1
55,46073.0,14082.0,48,8.37,643.0,14,0.34,0
46,15921.0,27743.0,60,11.58,664.0,16,1.0,1
69,39636.0,12162.0,24,5.14,568.0,34,0.36,0
57,45468.0,1000.0,48,12.86,722.0,15,0.09,1
50,48341.0,19036.0,12,5.26,727.0,30,0.4,0
45,42659.0,9408.0,48,16.57,716.0,18,0.37,1
23,44368.0,15341.0,48,3.14,619.0,12,0.37,0
24,62104.0,14306.0,12,5.63,686.0,8,0.36,0
51,58391.0,12810.0,12,11.67,617.0,24,0.26,1
21,10000.0,21323.0,48,16.66,657.0,19,1.0,1
23,35238.0,2737.0,24,11.26,831.0,15,0.16,0
31,37530.0,10864.0,36,12.25,687.0,30,0.4,0
64,13719.0,20472.0,12,10.07,597.0,0,1.0,1
43,41413.0,10087.0,60,5.89,693.0,3,0.35,0
55,58731.0,2130.0,36,8.04,585.0,39,0.18,0
41,23701.0,20348.0,60,5.15,596.0,27,0.9,0
29,45046.0,23985.0,12,4.89,607.0,22,0.58,0
39,26263.0,14640.0,24,11.61,649.0,0,0.58,0
25,29921.0,1000.0,48,5.51,746.0,24,0.07,0
58,62161.0,20648.0,48,11.28,720.0,17,0.47,0
29,31862.0,1721.0,48,4.79,717.0,24,0.05,0
39,46933.0,17470.0,60,11.19,603.0,1,0.38,0
69,11932.0,7900.0,60,8.05,642.0,22,0.79,1
50,67935.0,5721.0,12,15.63,699.0,23,0.17,0
43,49040.0,11465.0,24,11.29,636.0,11,0.39,0
47,37263.0,13534.0,60,14.94,661.0,2,0.39,0
59,48633.0,9846.0,36,6.98,711.0,39,0.26,0
33,18853.0,19710.0,60,10.22,656.0,29,1.0,1
52,57738.0,11431.0,36,6.08,696.0,25,0.26,0
63,35140.0,22842.0,12,8.35,791.0,31,0.61,0
49,36939.0,17249.0,36,8.95,668.0,27,0.55,0
42,32625.0,9420.0,60,7.1,763.0,5,0.35,0
28,31290.0,8072.0,48,5.14,719.0,18,0.31,0
33,50420.0,1820.0,12,4.35,577.0,36,0.07,0
67,43839.0,17326.0,24,1.0,603.0,11,0.4,0
47,49776.0,12163.0,60,5.77,622.0,39,0.33,0
35,39868.0,1000.0,60,12.51,620.0,2,0.02,0
41,47698.0,10714.0,48,3.61,674.0,13,0.3,0
49,33717.0,7792.0,12,4.53,723.0,14,0.38,0
47,73446.0,27605.0,48,17.16,768.0,25,0.5,0
55,16481.0,1378.0,60,7.45,702.0,7,0.06,0
33,58914.0,3469.0,48,11.28,649.0,9,0.08,0
52,60519.0,23880.0,36,12.57,534.0,27,0.47,0
42,27218.0,25854.0,36,12.65,685.0,11,1.0,1
67,73439.0,9040.0,24,3.91,682.0,36,0.1,0
28,54932.0,9943.0,24,9.08,693.0,35,0.25,0
28,54567.0,19930.0,48,3.53,827.0,12,0.41,0
43,40420.0,1000.0,12,19.79,767.0,22,0.17,0
45,36742.0,1000.0,12,3.62,735.0,13,0.06,0
54,36859.0,12754.0,24,5.81,613.0,14,0.45,0
40,45858.0,27399.0,48,5.84,644.0,27,0.58,1
65,61018.0,11514.0,48,4.01,673.0,12,0.19,0
44,42720.0,15807.0,36,15.41,626.0,6,0.46,1
27,26328.0,24070.0,36,19.69,715.0,10,1.0,1
26,52366.0,31855.0,12,8.1,705.0,38,0.61,1
68,53817.0,10385.0,24,4.72,604.0,10,0.24,0
27,49820.0,14865.0,12,1.05,764.0,14,0.28,0
67,51182.0,29576.0,48,9.02,687.0,25,0.62,1
34,35936.0,2822.0,48,8.73,559.0,4,0.17,1
25,26065.0,23221.0,24,7.39,676.0,11,0.92,0
35,26977.0,6853.0,24,10.89,700.0,7,0.29,0
51,15468.0,15820.0,24,11.58,748.0,37,1.0,1
41,43554.0,13059.0,60,11.29,656.0,38,0.32,0
59,38748.0,7336.0,36,8.74,738.0,30,0.33,0
50,33400.0,7135.0,48,5.59,693.0,10,0.27,0
40,10000.0,17211.0,36,12.66,588.0,25,1.0,1
52,21290.0,22964.0,48,10.05,581.0,27,1.0,1
68,56813.0,13962.0,36,13.55,759.0,35,0.22,0
41,30031.0,15561.0,24,13.16,764.0,6,0.52,1
28,45409.0,19569.0,60,4.31,703.0,30,0.55,0
41,19140.0,7227.0,48,4.26,785.0,7,0.42,0
62,61581.0,20918.0,48,6.98,754.0,23,0.48,0
31,37840.0,21555.0,60,5.77,728.0,36,0.61,0
67,44351.0,35829.0,24,13.02,616.0,2,0.86,1
49,74887.0,11991.0,12,11.41,801.0,6,0.24,0
50,62747.0,11335.0,36,14.4,718.0,33,0.1,0
36,35402.0,21152.0,24,11.59,653.0,0,0.66,1
66,31102.0,21553.0,36,10.83,633.0,28,0.74,1
22,35117.0,10719.0,24,14.8,698.0,20,0.43,0
35,47648.0,11775.0,24,11.88,563.0,14,0.35,0
41,38422.0,19329.0,24,10.27,729.0,35,0.5,1
44,34071.0,8379.0,24,15.92,613.0,34,0.36,1
44,62008.0,11716.0,48,10.46,706.0,13,0.23,0
28,38287.0,15717.0,36,8.78,643.0,0,0.42,0
32,74494.0,22968.0,36,6.65,661.0,5,0.37,0
25,41361.0,10163.0,12,12.81,627.0,4,0.29,1
49,66780.0,1000.0,36,14.95,669.0,40,0.14,0
38,45360.0,1000.0,12,9.8,812.0,24,0.09,0
48,54444.0,4925.0,24,15.23,777.0,27,0.15,0
49,29131.0,4495.0,36,2.12,705.0,9,0.25,0
55,27194.0,13763.0,12,9.78,678.0,34,0.61,0
47,46896.0,5489.0,24,9.84,739.0,29,0.21,0
52,54828.0,9378.0,24,7.09,759.0,30,0.29,1
49,40604.0,8807.0,60,19.54,622.0,19,0.3,1
52,20704.0,11476.0,60,9.74,675.0,28,0.61,0
51,19596.0,25580.0,12,8.37,552.0,22,1.0,1
36,18593.0,20296.0,48,10.1,759.0,15,1.0,0
33,13486.0,15129.0,48,1.99,825.0,24,1.0,0
59,41642.0,11312.0,24,6.96,686.0,13,0.41,0
37,56876.0,11534.0,36,13.93,531.0,39,0.33,1
47,39799.0,17622.0,48,7.48,723.0,29,0.49,0
30,10000.0,19673.0,24,6.68,617.0,30,1.0,1
42,37139.0,7739.0,12,15.24,634.0,29,0.33,0
46,37558.0,15292.0,24,15.36,724.0,18,0.5,0
51,71440.0,1000.0,24,12.07,698.0,38,0.08,0
46,18143.0,16694.0,24,8.18,646.0,8,0.95,1
38,34140.0,21097.0,24,9.04,635.0,23,0.68,1
68,65588.0,12759.0,12,6.78,689.0,2,0.24,0
46,46750.0,29532.0,60,6.02,651.0,12,0.65,0
